{"cameraMode":{"drawMode":0,"name":"Shaded","section":"Shading Mode"},"sceneLighting":true,"audioPlay":false,"sceneViewState":{"m_AlwaysRefresh":false,"showFog":true,"showSkybox":true,"showFlares":true,"showImageEffects":true,"showParticleSystems":true,"showVisualEffectGraphs":true,"m_FxEnabled":true},"in2DMode":false,"pivot":{"x":261.67413330078127,"y":40.706485748291019,"z":346.0570373535156},"rotation":{"x":-0.016434285789728166,"y":-0.9835767149925232,"z":0.13028907775878907,"w":-0.12399600446224213},"size":24.60809326171875,"orthographic":false}